2714,Product #2714,940889037-X,Georgia,0.04
2522,Product #2522,512209412-8,California,0.08
7517,Product #7517,422308756-8,Utah,0.09
761,Product #761,342577977-X,New York,0.2
978,Product #978,300384708-2,Florida,0.5
6783,Product #6783,934159953-9,Florida,0.58
4441,Product #4441,562107771-7,California,0.79
2033,Product #2033,222481231-0,Georgia,0.81
8208,Product #8208,203972495-8,Pennsylvania,0.82
146,Product #146,513504024-2,Tennessee,1.05
4504,Product #4504,837762558-X,Colorado,1.09
870,Product #870,588964824-1,Connecticut,1.13
9625,Product #9625,381042415-3,Texas,1.48
6835,Product #6835,193134761-1,California,1.55
4635,Product #4635,260140369-1,Texas,1.62
3353,Product #3353,977805333-2,New Jersey,1.63
2614,Product #2614,129042894-8,Maryland,1.67
348,Product #348,574340323-6,California,1.71
9156,Product #9156,906614321-5,Colorado,2.03
3400,Product #3400,936922609-5,District of Columbia,2.1
7890,Product #7890,886374891-8,New York,2.16
5440,Product #5440,832012164-7,Texas,2.26
1678,Product #1678,630709502-4,Ohio,2.53
7963,Product #7963,582872173-9,Texas,2.58
8479,Product #8479,390673969-4,Massachusetts,2.66
9487,Product #9487,302893054-4,California,2.9
4737,Product #4737,421875505-1,California,3.26
7247,Product #7247,751738005-2,Florida,3.36
2966,Product #2966,015550159-3,Florida,3.37
4877,Product #4877,035181051-X,Washington,3.5
8087,Product #8087,705980620-2,California,3.64
7793,Product #7793,660205327-2,California,3.72
5774,Product #5774,385508836-5,Florida,3.83
9109,Product #9109,501772077-4,West Virginia,3.97
5662,Product #5662,870159037-5,Virginia,4.03
6322,Product #6322,699823385-X,Minnesota,4.03
7750,Product #7750,554513545-6,Texas,4.1
2922,Product #2922,621922920-7,Virginia,4.46
6477,Product #6477,675766856-4,Connecticut,4.69
6661,Product #6661,888211218-7,California,4.78
468,Product #468,614435526-X,Texas,4.79
8069,Product #8069,446228568-9,New Mexico,4.88
4271,Product #4271,673597749-1,Kentucky,4.94
1477,Product #1477,618290510-7,North Carolina,4.97
4045,Product #4045,637477235-0,Florida,5.03
9308,Product #9308,046090213-X,New Mexico,5.21
1037,Product #1037,710578908-5,Oklahoma,5.27
4703,Product #4703,875932630-1,Virginia,5.31
5484,Product #5484,357705833-1,Arizona,5.39
6973,Product #6973,222455607-1,Texas,5.47
1984,Product #1984,450041152-6,Washington,5.59
3084,Product #3084,539981999-6,Arizona,5.6
3122,Product #3122,078705046-6,California,5.65
1837,Product #1837,914052260-1,Arkansas,5.71
3858,Product #3858,411716942-4,Texas,6.04
9585,Product #9585,877779697-7,Georgia,6.21
8258,Product #8258,355748078-X,Illinois,6.28
3179,Product #3179,915902005-9,California,6.4
6332,Product #6332,122031047-6,Florida,6.42
5063,Product #5063,328783690-0,Florida,6.52
8129,Product #8129,722038141-7,North Carolina,6.57
1576,Product #1576,429047467-5,Tennessee,6.82
5205,Product #5205,133841157-8,Indiana,6.96
1367,Product #1367,267232468-9,California,7.1
5865,Product #5865,127503551-5,Texas,7.13
4240,Product #4240,791712016-3,California,7.19
5351,Product #5351,788239516-1,Tennessee,7.24
3595,Product #3595,526742752-7,Connecticut,7.27
6972,Product #6972,342615318-1,Massachusetts,7.43
478,Product #478,844834351-4,California,7.53
2926,Product #2926,459954086-2,Washington,7.66
5831,Product #5831,792557565-4,Florida,7.77
4768,Product #4768,497080173-8,Florida,7.79
9599,Product #9599,144299666-8,Kansas,8.07
1195,Product #1195,697108602-3,Georgia,8.17
4994,Product #4994,828719465-2,Texas,8.23
2635,Product #2635,038733706-7,Pennsylvania,8.25
818,Product #818,997815460-4,Pennsylvania,8.48
7193,Product #7193,464962695-1,California,8.75
9563,Product #9563,353578066-7,Virginia,8.86
6884,Product #6884,401169044-9,New York,8.88
46,Product #46,963526503-4,Massachusetts,8.99
9484,Product #9484,405068801-8,Michigan,8.99
4879,Product #4879,971010904-9,West Virginia,9.17
1543,Product #1543,481138857-7,California,9.24
8664,Product #8664,311438584-2,Georgia,9.51
1932,Product #1932,747396728-2,Florida,9.56
5919,Product #5919,565745839-7,Louisiana,9.61
1614,Product #1614,245582225-7,District of Columbia,9.63
9680,Product #9680,392928175-9,Texas,9.72
6154,Product #6154,825219679-9,Florida,9.74
8096,Product #8096,895252254-0,South Carolina,9.81
624,Product #624,779563124-X,Ohio,10.13
7319,Product #7319,611977553-6,California,10.14
8810,Product #8810,920587151-6,Tennessee,10.19
1081,Product #1081,943560915-5,District of Columbia,10.39
6455,Product #6455,800277358-6,California,10.7
7623,Product #7623,890359408-8,Virginia,10.79
513,Product #513,087788147-2,Florida,10.81
818,Product #818,890743716-5,Kentucky,10.92
4714,Product #4714,733211019-9,Texas,11.13
7672,Product #7672,087383562-X,Florida,11.14
8575,Product #8575,447057512-7,Minnesota,11.19
8954,Product #8954,337534988-2,California,11.39
9813,Product #9813,766163061-3,Maryland,11.73
1676,Product #1676,084565730-5,Indiana,11.74
2321,Product #2321,106008004-4,Missouri,11.81
4582,Product #4582,847342851-X,Florida,11.96
2183,Product #2183,958472147-X,Rhode Island,12.1
2258,Product #2258,695516886-X,Virginia,12.27
2198,Product #2198,033132305-2,California,12.3
9060,Product #9060,180367769-4,Texas,12.4
5152,Product #5152,645140901-4,Washington,12.48
5203,Product #5203,686593325-7,Florida,12.68
1417,Product #1417,148369359-7,Oklahoma,12.91
3479,Product #3479,209507291-X,California,13.01
1447,Product #1447,827781130-6,California,13.08
9083,Product #9083,917028805-4,District of Columbia,13.09
8794,Product #8794,739374388-4,Florida,13.11
7912,Product #7912,810729011-9,Florida,13.8
8881,Product #8881,999437675-6,Florida,13.87
2061,Product #2061,534252932-8,Alabama,13.93
208,Product #208,061637324-4,Florida,13.93
9575,Product #9575,802428609-2,Texas,13.96
3048,Product #3048,981371351-8,Texas,13.98
2705,Product #2705,536116475-5,Texas,13.99
3951,Product #3951,306600384-1,New York,14.01
7664,Product #7664,647844174-1,California,14.04
5618,Product #5618,259998198-0,Pennsylvania,14.05
676,Product #676,547514793-0,Florida,14.14
8275,Product #8275,110602473-7,Kansas,14.35
471,Product #471,627684532-9,Alaska,14.45
5087,Product #5087,013101545-1,Ohio,14.52
6480,Product #6480,356275851-0,Missouri,14.88
8118,Product #8118,426658096-7,Minnesota,14.93
6905,Product #6905,608781197-4,Alabama,14.99
8462,Product #8462,081672124-6,Colorado,15.2
9528,Product #9528,369473025-7,Alaska,15.21
6179,Product #6179,218867158-9,Virginia,15.22
9141,Product #9141,987142692-5,District of Columbia,15.29
3247,Product #3247,231193454-6,California,15.32
1164,Product #1164,606816352-0,Ohio,15.35
7658,Product #7658,674295469-8,Arizona,15.4
3813,Product #3813,560783438-7,Michigan,15.54
8520,Product #8520,945291140-9,New York,15.59
2267,Product #2267,595197742-8,Florida,15.67
3960,Product #3960,100596113-1,California,15.8
9975,Product #9975,963587340-9,Oregon,15.85
8956,Product #8956,900818779-5,Massachusetts,16.32
9242,Product #9242,021379917-0,Georgia,16.36
8549,Product #8549,940023764-2,North Carolina,16.38
8473,Product #8473,192836568-X,Virginia,16.45
3153,Product #3153,861007172-3,Texas,16.87
4477,Product #4477,281771569-1,Georgia,16.94
6831,Product #6831,251979911-0,Tennessee,16.98
999,Product #999,836799911-8,Louisiana,16.98
5533,Product #5533,795805293-6,Texas,17.03
476,Product #476,814897960-X,California,17.09
9977,Product #9977,985926097-4,Massachusetts,17.25
5037,Product #5037,396120709-7,Utah,17.27
1244,Product #1244,715689090-5,Alaska,17.33
7431,Product #7431,549161284-7,Texas,17.36
4324,Product #4324,125173566-5,Virginia,17.38
665,Product #665,690457125-X,Colorado,17.38
2514,Product #2514,187001236-4,Virginia,17.42
8623,Product #8623,000576769-5,Washington,17.51
2307,Product #2307,040333615-5,Colorado,17.55
9813,Product #9813,781285487-6,Massachusetts,17.6
9136,Product #9136,123920825-1,Texas,17.61
3391,Product #3391,243994401-7,Texas,17.69
9055,Product #9055,397160037-9,Tennessee,17.7
9846,Product #9846,044905153-6,Illinois,17.78
2864,Product #2864,779036596-7,Florida,18.0
4947,Product #4947,168165756-2,California,18.09
8850,Product #8850,533810175-0,South Dakota,18.31
6994,Product #6994,465987644-6,Oregon,18.49
7342,Product #7342,361605879-1,Colorado,18.5
9957,Product #9957,633912797-5,Massachusetts,18.94
296,Product #296,530010287-3,Missouri,19.11
6665,Product #6665,756282508-4,Florida,19.13
7575,Product #7575,456989908-0,West Virginia,19.24
2429,Product #2429,139454031-0,California,19.29
2048,Product #2048,949265921-2,California,19.44
3379,Product #3379,520282658-3,California,19.64
2062,Product #2062,373996583-5,Ohio,19.92
3884,Product #3884,928148498-6,Utah,20.03
366,Product #366,491338271-3,Kansas,20.06
3980,Product #3980,570630909-4,Minnesota,20.11
1614,Product #1614,955107261-8,Alaska,20.16
1341,Product #1341,108968624-2,Arizona,20.17
7873,Product #7873,919501896-4,California,20.21
948,Product #948,608221741-1,Virginia,20.23
8541,Product #8541,552576054-1,California,20.26
3384,Product #3384,959793368-3,Arizona,20.32
4160,Product #4160,021995093-8,Indiana,20.33
8372,Product #8372,276458609-4,Colorado,20.4
7455,Product #7455,084751784-5,Washington,20.44
1385,Product #1385,031069279-2,Texas,20.49
2856,Product #2856,564072675-X,Florida,20.64
6084,Product #6084,276003786-X,Virginia,20.65
3995,Product #3995,387132169-9,New York,20.73
8965,Product #8965,863903207-6,California,20.92
6010,Product #6010,217209147-2,Kentucky,20.99
6259,Product #6259,649585200-2,Illinois,21.08
3824,Product #3824,000372137-X,Florida,21.11
7060,Product #7060,908064557-5,District of Columbia,21.22
9852,Product #9852,562559655-7,Texas,21.22
1081,Product #1081,098150144-3,Louisiana,21.26
3304,Product #3304,905557122-9,California,21.33
1063,Product #1063,663823601-6,Ohio,21.34
5038,Product #5038,279990660-5,Washington,21.61
4959,Product #4959,742342684-9,District of Columbia,21.66
3390,Product #3390,078972482-0,North Carolina,21.68
4031,Product #4031,127843722-3,Florida,21.83
9715,Product #9715,810284649-6,Arizona,21.87
3688,Product #3688,913557612-X,South Carolina,21.91
1689,Product #1689,962483181-5,Texas,21.99
889,Product #889,251487889-6,Michigan,22.01
8485,Product #8485,813541980-5,Texas,22.1
2228,Product #2228,083046232-5,California,22.44
781,Product #781,308181050-7,Arizona,22.44
9293,Product #9293,240073801-7,Missouri,22.49
8760,Product #8760,224506039-3,Connecticut,22.52
7444,Product #7444,480416223-2,Texas,22.76
4252,Product #4252,876358477-8,Ohio,22.96
4173,Product #4173,685529070-1,California,22.99
8245,Product #8245,923308274-1,Iowa,23.1
8235,Product #8235,905292100-8,Iowa,23.13
2509,Product #2509,170739120-3,Texas,23.2
9469,Product #9469,485991816-9,Washington,23.22
9999,Product #9999,488683339-X,Kentucky,23.23
380,Product #380,464620484-3,California,23.25
708,Product #708,747208530-8,Mississippi,23.27
358,Product #358,111144012-3,New York,23.32
6477,Product #6477,094248031-7,California,23.32
1229,Product #1229,666844709-0,Oklahoma,23.36
4562,Product #4562,794851508-9,Mississippi,23.69
711,Product #711,293740903-2,Oklahoma,23.69
4876,Product #4876,980659364-2,Colorado,23.85
6079,Product #6079,792685347-X,Washington,23.93
2918,Product #2918,996378365-1,Mississippi,24.23
617,Product #617,041618238-0,Florida,24.25
5387,Product #5387,243138246-X,Arkansas,24.44
4243,Product #4243,350541648-7,Minnesota,24.55
5327,Product #5327,167486571-6,Ohio,24.55
3049,Product #3049,933846685-X,Ohio,24.67
5953,Product #5953,226670698-5,Virginia,24.82
8638,Product #8638,813623408-6,Virginia,24.83
4716,Product #4716,199546273-X,New York,25.05
1733,Product #1733,520213413-4,California,25.18
9635,Product #9635,846928990-X,Florida,25.28
6435,Product #6435,712973201-6,Texas,25.35
2458,Product #2458,232910029-9,Missouri,25.5
1743,Product #1743,280518464-5,Texas,25.74
9135,Product #9135,797878859-8,Oklahoma,25.97
5237,Product #5237,623320699-5,Florida,26.03
8754,Product #8754,362470683-7,Indiana,26.53
3047,Product #3047,730579007-9,Connecticut,26.6
5527,Product #5527,738013200-8,Arizona,26.73
9793,Product #9793,332478739-4,Indiana,26.9
1413,Product #1413,731598815-7,Virginia,26.93
8445,Product #8445,900532895-9,Michigan,26.95
4264,Product #4264,090245368-8,Texas,27.0
6025,Product #6025,118185518-7,Texas,27.44
2713,Product #2713,314695168-1,Florida,27.45
8546,Product #8546,831155885-X,District of Columbia,27.49
2134,Product #2134,444549939-0,Washington,27.52
267,Product #267,638124972-2,Georgia,27.63
8135,Product #8135,633566058-X,Kentucky,27.93
4186,Product #4186,672892778-6,California,28.13
5028,Product #5028,617316463-9,Kansas,28.16
6910,Product #6910,431357626-6,New Jersey,28.17
5975,Product #5975,190315340-9,Utah,28.25
5833,Product #5833,954476978-1,New Mexico,28.26
2459,Product #2459,796493353-1,Pennsylvania,28.3
7068,Product #7068,866985046-X,District of Columbia,28.5
2267,Product #2267,823590115-3,Georgia,28.9
5960,Product #5960,042276702-6,Minnesota,29.09
9135,Product #9135,152196696-6,Georgia,29.16
3314,Product #3314,076792983-7,New York,29.38
5860,Product #5860,984320912-5,Washington,29.41
2274,Product #2274,351545141-2,West Virginia,29.42
2435,Product #2435,818256160-4,Florida,29.5
356,Product #356,341944716-7,District of Columbia,29.5
8131,Product #8131,009165855-1,New Mexico,29.52
9134,Product #9134,823597005-8,Nebraska,29.53
1654,Product #1654,061139667-X,Arizona,29.63
1349,Product #1349,685936861-6,Louisiana,29.77
4288,Product #4288,280606217-9,Florida,30.02
1306,Product #1306,251620132-X,Nevada,30.31
4968,Product #4968,944706929-0,Arizona,30.46
1827,Product #1827,972866493-1,New York,30.63
3835,Product #3835,174528378-1,Florida,30.9
2010,Product #2010,979606175-9,California,30.91
2144,Product #2144,849003447-8,Pennsylvania,31.02
2284,Product #2284,813344360-1,Louisiana,31.04
7042,Product #7042,092360443-X,New York,31.13
2788,Product #2788,964557589-3,Louisiana,31.21
4721,Product #4721,804895746-9,Texas,31.27
9970,Product #9970,343125648-1,Texas,31.3
2707,Product #2707,263739872-8,Texas,31.42
7078,Product #7078,928894385-4,North Carolina,31.44
945,Product #945,526119330-3,California,31.45
316,Product #316,902708053-4,Texas,31.87
2063,Product #2063,135686826-6,California,31.98
7490,Product #7490,984028146-1,Georgia,32.09
7849,Product #7849,520510671-9,Texas,32.1
8361,Product #8361,199491990-6,Texas,32.13
4479,Product #4479,923315418-1,New York,32.52
8813,Product #8813,117054079-1,Kansas,32.56
3430,Product #3430,873914613-8,California,32.57
2183,Product #2183,048915115-9,Illinois,32.62
9675,Product #9675,952864005-2,Ohio,32.67
600,Product #600,163569542-2,Wisconsin,32.74
632,Product #632,310051605-2,New York,32.82
8731,Product #8731,098714097-3,Tennessee,32.83
424,Product #424,352521167-8,Illinois,32.95
6892,Product #6892,502080834-2,Florida,32.97
4891,Product #4891,408001034-6,California,33.07
6754,Product #6754,528671417-X,California,33.15
9770,Product #9770,532196337-1,Pennsylvania,33.3
2204,Product #2204,917315619-1,Washington,33.32
4211,Product #4211,185951152-X,North Carolina,33.38
9984,Product #9984,316978172-3,Iowa,33.4
808,Product #808,743654416-0,Virginia,33.43
9002,Product #9002,835783578-3,Texas,33.47
1118,Product #1118,099690007-1,Texas,33.54
1441,Product #1441,518238726-1,Texas,33.63
3731,Product #3731,449473877-8,New York,33.63
8373,Product #8373,165953525-5,Connecticut,33.63
159,Product #159,015762913-9,Texas,33.68
6366,Product #6366,738363059-9,New Mexico,33.7
8557,Product #8557,833370460-3,Ohio,33.91
3534,Product #3534,044788170-1,Maryland,34.05
8298,Product #8298,619040394-8,Tennessee,34.27
8299,Product #8299,708223953-X,California,34.35
8704,Product #8704,176226163-4,California,34.36
5899,Product #5899,353507139-9,Florida,34.37
4408,Product #4408,866535904-4,New Jersey,34.59
4271,Product #4271,261067933-5,Indiana,34.67
7462,Product #7462,096159945-6,Oklahoma,34.7
8626,Product #8626,800331086-5,Georgia,34.73
1329,Product #1329,148602997-3,California,34.81
2709,Product #2709,386865819-X,District of Columbia,34.83
6856,Product #6856,756691442-1,Florida,34.94
3853,Product #3853,952078090-4,Washington,35.03
9623,Product #9623,238443192-7,Texas,35.04
9004,Product #9004,963271423-7,Massachusetts,35.16
8377,Product #8377,336670765-8,Texas,35.24
3443,Product #3443,960052298-7,Texas,35.28
3669,Product #3669,137487705-0,Alabama,35.31
4831,Product #4831,257504136-8,Ohio,35.46
6793,Product #6793,652505251-3,Florida,35.48
8171,Product #8171,729446484-7,Nebraska,35.49
8612,Product #8612,728799850-5,Louisiana,35.51
5717,Product #5717,681319575-1,New York,35.55
242,Product #242,982106836-7,District of Columbia,35.87
2416,Product #2416,855040208-7,Hawaii,35.89
853,Product #853,133492883-5,Pennsylvania,35.93
3507,Product #3507,960831209-4,California,35.97
3512,Product #3512,788138351-8,California,35.98
6188,Product #6188,749372981-6,California,36.05
6694,Product #6694,072524835-1,Michigan,36.06
7833,Product #7833,008507322-9,Nevada,36.09
3294,Product #3294,484772028-8,Michigan,36.3
1224,Product #1224,699183218-9,Texas,36.45
169,Product #169,295687164-1,Texas,36.54
7869,Product #7869,402918566-5,District of Columbia,36.65
4366,Product #4366,712045743-8,Illinois,36.75
1327,Product #1327,678893858-X,California,36.9
8318,Product #8318,472100886-4,California,36.96
129,Product #129,212268445-3,Texas,37.11
3119,Product #3119,358857062-4,South Carolina,37.18
2036,Product #2036,158679360-8,Arizona,37.26
3448,Product #3448,684050305-4,Oklahoma,37.26
4751,Product #4751,289815585-3,Texas,37.3
5829,Product #5829,918825690-1,Indiana,37.39
4547,Product #4547,278117824-1,Wisconsin,37.4
3834,Product #3834,641568024-2,Colorado,37.51
4494,Product #4494,128856097-4,Idaho,37.55
165,Product #165,880536095-3,Virginia,37.58
2270,Product #2270,475129434-2,Wisconsin,37.74
7015,Product #7015,959155142-8,Virginia,37.84
2605,Product #2605,247988238-1,Colorado,38.0
3605,Product #3605,933305006-X,Utah,38.07
6561,Product #6561,578662979-1,Alabama,38.27
7279,Product #7279,370399802-4,Louisiana,38.31
8361,Product #8361,908676036-8,California,38.35
5869,Product #5869,260006705-1,Texas,38.42
4566,Product #4566,267498254-3,Iowa,38.52
6280,Product #6280,349718858-1,Alabama,38.62
7487,Product #7487,404665095-8,North Carolina,38.96
72,Product #72,905980039-7,California,39.19
1273,Product #1273,497646868-2,Ohio,39.2
1576,Product #1576,700901413-2,South Dakota,39.32
3103,Product #3103,064446131-4,California,39.77
2673,Product #2673,095503375-6,Florida,39.87
6942,Product #6942,938344837-7,Texas,39.88
7339,Product #7339,466091421-6,New Mexico,39.95
8415,Product #8415,374214663-7,Texas,40.1
5159,Product #5159,316681594-5,Nevada,40.34
5536,Product #5536,158031798-7,Illinois,40.55
6866,Product #6866,115187130-3,Florida,40.57
9676,Product #9676,832100513-6,South Carolina,40.59
1046,Product #1046,066485534-2,Pennsylvania,40.79
9652,Product #9652,398207814-8,California,40.83
8591,Product #8591,710864127-5,Kansas,41.06
7344,Product #7344,126058562-X,North Carolina,41.1
3997,Product #3997,631290042-8,Washington,41.19
5619,Product #5619,909672118-7,Minnesota,41.23
8371,Product #8371,954554299-3,Virginia,41.33
381,Product #381,158019507-5,Florida,41.38
6824,Product #6824,714683663-0,Georgia,41.73
4649,Product #4649,540144937-2,Michigan,41.91
3168,Product #3168,359051491-4,Illinois,42.08
7255,Product #7255,936294421-9,North Carolina,42.27
1974,Product #1974,810804334-4,Michigan,42.34
9540,Product #9540,039116393-0,New York,42.41
5574,Product #5574,908791488-1,Utah,42.48
5306,Product #5306,340669289-3,Connecticut,42.54
9267,Product #9267,620180418-8,Florida,42.61
2500,Product #2500,057867807-1,Florida,42.63
8121,Product #8121,850213376-4,Georgia,42.78
3016,Product #3016,753315066-X,Ohio,42.98
7855,Product #7855,688402857-2,New York,43.07
8502,Product #8502,671072857-9,Texas,43.18
9949,Product #9949,515546664-4,District of Columbia,43.39
4874,Product #4874,925728577-4,Michigan,43.41
5920,Product #5920,586396129-5,Minnesota,43.41
9471,Product #9471,023107651-7,Minnesota,43.51
4616,Product #4616,280481166-2,New York,43.53
9124,Product #9124,781416616-0,Florida,43.53
1834,Product #1834,899421765-7,North Carolina,43.54
813,Product #813,449821759-4,Texas,43.57
4934,Product #4934,210735022-1,California,43.68
32,Product #32,040123341-3,Connecticut,43.7
2733,Product #2733,673671858-9,Colorado,43.71
1073,Product #1073,609291660-6,Iowa,43.72
2335,Product #2335,190871182-5,Indiana,44.59
6029,Product #6029,064643497-7,New York,44.65
7248,Product #7248,398194379-1,Ohio,44.99
9469,Product #9469,096625715-4,Alabama,45.13
9050,Product #9050,488537716-1,Kansas,45.16
6930,Product #6930,377759021-5,Georgia,45.2
4923,Product #4923,596708949-7,New York,45.28
8605,Product #8605,300376531-0,Florida,45.3
8559,Product #8559,212740032-1,Nebraska,45.33
5882,Product #5882,140114530-2,California,45.47
6506,Product #6506,938884897-7,California,45.6
73,Product #73,727785350-4,Maryland,45.68
896,Product #896,990570373-X,Massachusetts,45.68
8111,Product #8111,488799035-9,Kansas,45.82
9922,Product #9922,336398040-X,Nebraska,45.96
8726,Product #8726,746159889-9,West Virginia,45.99
3447,Product #3447,121477112-2,California,46.07
3618,Product #3618,110763454-7,Missouri,46.08
3587,Product #3587,961848409-2,Missouri,46.11
4294,Product #4294,699534782-X,Colorado,46.15
302,Product #302,783156711-9,North Carolina,46.41
9695,Product #9695,593944391-5,New Mexico,46.54
1135,Product #1135,326754304-5,Colorado,46.58
5111,Product #5111,439772184-X,Nevada,46.66
7438,Product #7438,719803498-5,Arizona,46.7
8339,Product #8339,211889442-2,Connecticut,46.74
864,Product #864,629344942-8,Ohio,46.75
7211,Product #7211,762625261-6,Arizona,46.81
5604,Product #5604,276126802-4,New Jersey,46.9
1307,Product #1307,339570507-2,California,46.96
354,Product #354,984892691-7,Virginia,46.98
4246,Product #4246,052587323-6,Texas,46.98
926,Product #926,364861199-2,Arkansas,46.98
9442,Product #9442,746454202-9,Texas,47.08
5319,Product #5319,497604717-2,South Carolina,47.21
3852,Product #3852,867948922-0,California,47.24
4340,Product #4340,684703546-3,Alaska,47.24
5005,Product #5005,782365838-0,Florida,47.3
912,Product #912,580784411-4,California,47.44
8852,Product #8852,248994902-0,Alabama,47.48
655,Product #655,169858693-0,Tennessee,47.49
7644,Product #7644,200897588-6,Ohio,47.69
6157,Product #6157,135545025-X,Nevada,47.73
1853,Product #1853,244004334-6,Arizona,47.85
806,Product #806,832726130-4,California,47.85
7814,Product #7814,491876587-4,California,47.98
4734,Product #4734,947374589-3,Alabama,48.13
4109,Product #4109,754500137-0,Oklahoma,48.27
8931,Product #8931,407246108-3,California,48.53
1375,Product #1375,893008996-8,Maryland,48.77
934,Product #934,828614250-0,Texas,48.94
1860,Product #1860,950130986-X,Washington,49.27
2829,Product #2829,328936955-2,Texas,49.37
2546,Product #2546,095945840-9,Ohio,49.43
6606,Product #6606,057743967-7,Nebraska,49.44
7234,Product #7234,776949270-X,Florida,49.47
4931,Product #4931,016850093-0,New York,49.75
8117,Product #8117,870027678-2,District of Columbia,50.0
7563,Product #7563,283647873-X,California,50.23
9270,Product #9270,012726795-6,Texas,50.31
9351,Product #9351,396634911-6,Florida,50.32
6657,Product #6657,880494543-5,Florida,50.35
2847,Product #2847,362802096-4,Kentucky,50.44
4685,Product #4685,885739855-2,Pennsylvania,50.49
4008,Product #4008,892943497-5,North Carolina,50.53
1420,Product #1420,256441322-6,Oklahoma,50.62
463,Product #463,102119509-X,Nevada,50.67
9421,Product #9421,690528622-2,Texas,50.69
373,Product #373,563992543-4,Michigan,50.72
2559,Product #2559,248812364-1,South Carolina,50.77
1373,Product #1373,536011237-9,Washington,50.83
7116,Product #7116,306232407-4,Florida,51.02
7003,Product #7003,117475433-8,Illinois,51.03
9092,Product #9092,056379901-3,Alabama,51.22
367,Product #367,794401141-8,Alabama,51.32
3383,Product #3383,511632080-4,California,51.33
936,Product #936,787272760-9,Colorado,51.41
1043,Product #1043,142278066-X,Tennessee,51.55
7845,Product #7845,791368630-8,California,51.79
6311,Product #6311,745681524-0,Missouri,51.8
1939,Product #1939,305981763-4,Ohio,51.84
7562,Product #7562,302452173-9,Hawaii,51.93
2420,Product #2420,882952823-4,North Carolina,52.17
5311,Product #5311,075237700-0,Ohio,52.21
9548,Product #9548,794575993-9,Oklahoma,52.27
8508,Product #8508,645180657-9,Texas,52.29
9522,Product #9522,276275960-9,New Mexico,52.44
5108,Product #5108,999946485-8,California,52.51
7509,Product #7509,893478888-7,New Mexico,52.6
8028,Product #8028,265481232-4,Illinois,52.61
3290,Product #3290,819334518-5,California,52.67
7739,Product #7739,892411151-5,Iowa,52.68
368,Product #368,446320057-1,Texas,52.71
8045,Product #8045,652320053-1,Florida,52.83
3542,Product #3542,383300150-X,Maine,52.93
9320,Product #9320,441006073-2,Pennsylvania,52.96
9721,Product #9721,598525978-1,Arizona,53.24
4201,Product #4201,050773788-1,Tennessee,53.27
5001,Product #5001,066176448-6,Alabama,53.29
5761,Product #5761,858505943-5,New York,53.47
3980,Product #3980,315738386-8,Pennsylvania,53.53
331,Product #331,397761174-7,California,53.56
9272,Product #9272,075898235-6,Georgia,53.7
6582,Product #6582,442752854-6,Texas,53.81
2027,Product #2027,693190551-1,Pennsylvania,53.9
6451,Product #6451,027118137-0,Pennsylvania,53.94
8841,Product #8841,418408778-7,Minnesota,53.95
7255,Product #7255,157589823-3,Georgia,54.0
9304,Product #9304,610048147-2,District of Columbia,54.2
6122,Product #6122,153701960-0,Florida,54.32
3463,Product #3463,845924712-0,Florida,54.54
6392,Product #6392,878404634-1,Minnesota,54.66
770,Product #770,247759828-7,Missouri,54.76
473,Product #473,419321146-0,California,54.8
3772,Product #3772,243493082-4,Texas,54.93
3551,Product #3551,029285239-8,Ohio,54.95
9283,Product #9283,340291439-5,Illinois,55.01
817,Product #817,278712221-3,Connecticut,55.05
4822,Product #4822,954471125-2,District of Columbia,55.16
5814,Product #5814,680778107-5,Utah,55.17
6151,Product #6151,264137266-5,Illinois,55.29
9739,Product #9739,500142930-7,Louisiana,55.4
2101,Product #2101,856835427-0,North Carolina,55.45
3217,Product #3217,973247660-5,Georgia,55.45
1603,Product #1603,225903921-9,Ohio,55.47
5308,Product #5308,564979060-4,Hawaii,55.47
5415,Product #5415,160453468-0,North Dakota,55.55
9571,Product #9571,614012736-X,Oregon,55.58
8113,Product #8113,904406534-3,Texas,55.66
2086,Product #2086,457199191-6,Tennessee,55.87
3666,Product #3666,527906102-6,Texas,55.87
9889,Product #9889,786409414-7,California,55.93
4740,Product #4740,770390876-2,Florida,56.14
6875,Product #6875,366004774-0,Texas,56.3
7306,Product #7306,881839692-7,Louisiana,56.37
8299,Product #8299,275892774-8,Iowa,56.37
7225,Product #7225,968248610-6,Minnesota,56.39
3432,Product #3432,924003903-1,Arizona,56.55
6756,Product #6756,589243912-7,California,56.67
1290,Product #1290,547062025-5,Oregon,56.72
3042,Product #3042,289431019-6,Georgia,56.75
3566,Product #3566,177642480-8,New Jersey,56.76
3946,Product #3946,552390812-6,Illinois,56.78
4202,Product #4202,412195187-5,Texas,56.81
3732,Product #3732,199439802-7,California,56.94
7711,Product #7711,049035840-3,Oklahoma,57.01
1602,Product #1602,782537869-5,North Carolina,57.18
8576,Product #8576,181837337-8,Iowa,57.27
5690,Product #5690,829256353-9,Nebraska,57.35
1450,Product #1450,752357188-3,Texas,57.45
5360,Product #5360,755888877-8,Alabama,57.66
5542,Product #5542,210388419-1,Minnesota,57.67
3241,Product #3241,891188861-3,California,57.72
566,Product #566,015325446-7,Florida,57.77
3929,Product #3929,490836231-9,Minnesota,57.82
8990,Product #8990,839520721-2,Massachusetts,57.92
899,Product #899,504391945-0,Massachusetts,58.11
3293,Product #3293,395202864-9,New Jersey,58.36
3832,Product #3832,544257341-8,Michigan,58.38
7175,Product #7175,232878693-6,Oregon,58.46
1603,Product #1603,420607169-1,Indiana,58.54
6417,Product #6417,636276843-4,Georgia,58.79
1456,Product #1456,170440338-3,North Carolina,58.87
8128,Product #8128,922621340-2,Illinois,58.88
6867,Product #6867,263742974-7,Maryland,58.89
4090,Product #4090,569952260-3,Texas,58.96
1363,Product #1363,494442673-9,Virginia,59.27
2836,Product #2836,169257871-5,Massachusetts,59.42
1858,Product #1858,043049968-X,Connecticut,59.56
6059,Product #6059,529058816-7,Hawaii,59.62
7146,Product #7146,996579849-4,Texas,59.64
4073,Product #4073,034340940-2,District of Columbia,59.7
7203,Product #7203,039292428-5,Tennessee,59.79
8652,Product #8652,227143758-X,Missouri,59.9
9284,Product #9284,267825356-2,Oklahoma,60.07
1063,Product #1063,543797544-9,District of Columbia,60.2
7011,Product #7011,013389103-8,Texas,60.2
216,Product #216,504071359-2,Connecticut,60.3
9789,Product #9789,462439100-4,Kansas,60.32
3080,Product #3080,053000715-0,Indiana,60.38
6831,Product #6831,432364369-1,District of Columbia,60.48
9974,Product #9974,186691917-2,New Jersey,60.5
2352,Product #2352,401783888-X,Connecticut,60.64
542,Product #542,262115523-5,Oklahoma,60.68
5578,Product #5578,026414900-9,Florida,60.82
7507,Product #7507,129353437-4,Delaware,60.84
8373,Product #8373,093724832-0,Wisconsin,60.89
2107,Product #2107,137419465-4,Florida,61.08
5918,Product #5918,538737439-0,California,61.14
2473,Product #2473,577530390-3,Texas,61.23
1261,Product #1261,727733602-X,Arkansas,61.37
8684,Product #8684,738432222-7,Washington,61.52
4592,Product #4592,726438319-9,Illinois,61.66
5020,Product #5020,387254820-4,North Carolina,61.75
6106,Product #6106,830861631-3,Alabama,61.75
6350,Product #6350,454763970-1,North Carolina,61.77
9930,Product #9930,155714596-2,Arizona,61.8
2464,Product #2464,364955262-0,West Virginia,61.9
1012,Product #1012,075884591-X,Texas,61.95
9120,Product #9120,141966646-0,Tennessee,62.05
2324,Product #2324,773494926-6,Arizona,62.12
8869,Product #8869,888172546-0,Florida,62.21
8665,Product #8665,612867046-6,Colorado,62.28
5070,Product #5070,964680774-7,Ohio,62.55
1014,Product #1014,459904624-8,Florida,62.72
5895,Product #5895,045517442-3,Alabama,62.79
9915,Product #9915,793359219-8,California,62.79
4365,Product #4365,942985710-X,New York,62.88
6265,Product #6265,462125224-0,Texas,63.11
8818,Product #8818,868151397-4,Oklahoma,63.16
9066,Product #9066,258998469-3,New York,63.45
8241,Product #8241,871521177-0,Ohio,63.62
8703,Product #8703,948783257-2,Virginia,63.63
8425,Product #8425,878978175-9,Massachusetts,63.9
135,Product #135,898697371-5,Wisconsin,63.95
3846,Product #3846,244248962-7,Mississippi,64.09
8106,Product #8106,524379212-8,Louisiana,64.11
7234,Product #7234,537992511-1,Ohio,64.23
2904,Product #2904,141230890-9,Delaware,64.25
2483,Product #2483,499439237-4,Colorado,64.29
3630,Product #3630,083128427-7,Idaho,64.47
7005,Product #7005,366824712-9,Washington,64.62
8763,Product #8763,910657755-5,Colorado,64.68
7682,Product #7682,145699529-4,Florida,64.85
7128,Product #7128,413178865-9,Texas,64.94
4741,Product #4741,723634990-9,Illinois,64.96
5215,Product #5215,274104324-8,Texas,64.99
758,Product #758,909962831-5,Florida,65.0
1715,Product #1715,969690891-1,California,65.16
9462,Product #9462,233774288-1,Florida,65.16
1587,Product #1587,668652199-X,Virginia,65.22
9779,Product #9779,293826159-4,Texas,65.48
8430,Product #8430,005647688-4,Texas,65.49
5838,Product #5838,309424951-5,Iowa,65.56
3850,Product #3850,312184814-3,California,65.68
9328,Product #9328,662123496-1,California,66.15
4113,Product #4113,980080299-1,Florida,66.29
8236,Product #8236,531730844-5,Virginia,66.51
2500,Product #2500,965413110-2,North Carolina,66.68
1657,Product #1657,088745713-4,Michigan,66.81
1159,Product #1159,392911542-5,Pennsylvania,66.97
5810,Product #5810,459895130-3,Colorado,67.07
9690,Product #9690,289532895-1,Florida,67.08
5935,Product #5935,559003337-3,New York,67.35
7896,Product #7896,176500798-4,California,67.5
4797,Product #4797,753249864-6,Texas,67.52
8269,Product #8269,703273094-9,West Virginia,67.52
1795,Product #1795,351460131-3,Ohio,67.55
3020,Product #3020,013791516-0,Georgia,67.62
1015,Product #1015,063951698-X,Missouri,67.72
5933,Product #5933,130137225-0,California,67.78
7805,Product #7805,670786291-X,Texas,67.78
5465,Product #5465,933112881-9,Missouri,67.88
5685,Product #5685,366144519-7,Alabama,67.9
8769,Product #8769,455955108-1,New York,67.92
648,Product #648,924496545-3,Texas,67.99
2215,Product #2215,586008731-4,New Jersey,68.26
1769,Product #1769,752835290-X,Colorado,68.28
9068,Product #9068,400782782-6,Virginia,68.38
1454,Product #1454,985784893-1,New York,68.39
2171,Product #2171,881057554-7,Florida,68.39
1671,Product #1671,186870907-8,New York,68.4
6035,Product #6035,474478038-5,Texas,68.42
1235,Product #1235,969584129-5,Nevada,68.45
3247,Product #3247,719621817-5,South Dakota,68.64
7762,Product #7762,318382608-9,Pennsylvania,68.7
1396,Product #1396,991417145-1,Nevada,68.71
3027,Product #3027,046444403-9,New Jersey,68.79
3049,Product #3049,701900620-5,Washington,68.85
6104,Product #6104,884701606-1,Montana,68.9
3019,Product #3019,335692432-X,Florida,69.28
8741,Product #8741,563743321-6,Iowa,69.31
1976,Product #1976,927629763-4,Hawaii,69.33
6465,Product #6465,244613712-1,District of Columbia,69.33
700,Product #700,437952467-1,Illinois,69.35
6923,Product #6923,459938582-4,Alabama,69.41
9614,Product #9614,076312570-9,Georgia,69.42
4094,Product #4094,478452015-5,Mississippi,69.51
7528,Product #7528,757919306-X,Florida,69.51
9516,Product #9516,738497291-4,Texas,69.54
5826,Product #5826,680408880-8,Nevada,69.58
5583,Product #5583,175950564-1,Nevada,69.62
1447,Product #1447,461227564-0,Texas,69.68
272,Product #272,736463588-2,Washington,69.72
2564,Product #2564,940324803-3,California,69.75
7386,Product #7386,505441039-2,Virginia,69.82
9606,Product #9606,888480136-2,Minnesota,70.25
5972,Product #5972,957661274-8,Hawaii,70.34
3918,Product #3918,859192012-0,Alabama,70.41
4323,Product #4323,622315279-5,Texas,70.48
4139,Product #4139,095202432-2,Texas,70.5
8429,Product #8429,590113066-9,Arizona,70.5
2087,Product #2087,113890843-6,Florida,70.54
8556,Product #8556,640223578-4,Texas,70.54
2075,Product #2075,195248013-2,Iowa,70.58
7225,Product #7225,428713223-8,District of Columbia,70.8
1724,Product #1724,168348355-3,Nevada,70.99
6169,Product #6169,239567236-X,Texas,71.07
7190,Product #7190,545114422-2,Alabama,71.15
9990,Product #9990,694855991-3,Florida,71.49
7746,Product #7746,935586952-5,Florida,71.58
8291,Product #8291,011849235-7,Louisiana,71.63
2965,Product #2965,469538189-3,Florida,71.87
837,Product #837,884059936-3,Florida,71.9
4568,Product #4568,315018963-2,Oklahoma,71.91
6663,Product #6663,390483224-7,Colorado,71.92
6987,Product #6987,175577781-7,Indiana,71.95
2620,Product #2620,270982320-9,South Carolina,72.04
6345,Product #6345,769849978-2,Missouri,72.09
9774,Product #9774,138691057-0,Texas,72.14
824,Product #824,090967021-8,Florida,72.33
5783,Product #5783,507331169-8,Idaho,72.37
7543,Product #7543,180205610-6,California,72.41
3387,Product #3387,910003111-9,Michigan,72.64
51,Product #51,080315400-3,Michigan,72.68
8705,Product #8705,909671525-X,Virginia,72.93
1994,Product #1994,157817543-7,Colorado,73.02
9616,Product #9616,682119931-0,Texas,73.13
1995,Product #1995,690991662-X,Florida,73.36
3057,Product #3057,666453223-9,District of Columbia,73.4
1465,Product #1465,920033187-4,California,73.55
1335,Product #1335,021695363-4,District of Columbia,73.63
6991,Product #6991,710286919-3,Colorado,73.64
5281,Product #5281,384557820-3,Virginia,73.72
333,Product #333,417072144-6,Missouri,73.84
8605,Product #8605,601338905-5,Virginia,73.91
7587,Product #7587,448658609-3,Texas,73.97
8135,Product #8135,967870183-9,California,74.13
3773,Product #3773,534002770-8,Arkansas,74.23
2887,Product #2887,268529150-4,Florida,74.28
3232,Product #3232,149075457-1,Florida,74.32
2624,Product #2624,667501891-4,Pennsylvania,74.39
199,Product #199,550757231-3,Washington,74.41
4152,Product #4152,192011902-7,Florida,74.41
9393,Product #9393,572927073-9,Tennessee,74.49
1866,Product #1866,315625567-X,District of Columbia,74.55
9474,Product #9474,764150798-0,Texas,74.57
1256,Product #1256,656128631-6,Georgia,74.79
8956,Product #8956,271945138-X,Texas,74.8
9806,Product #9806,451794817-X,Texas,74.8
2139,Product #2139,121346833-7,Michigan,74.85
4970,Product #4970,691540573-9,Indiana,74.89
9577,Product #9577,307517041-0,Ohio,75.13
4622,Product #4622,083552371-3,Florida,75.14
933,Product #933,900395462-3,New York,75.2
8096,Product #8096,040104820-9,Illinois,75.68
382,Product #382,908956621-X,Texas,75.76
5028,Product #5028,781990549-2,New York,75.78
6013,Product #6013,571407769-5,District of Columbia,75.78
3326,Product #3326,807805003-8,New Jersey,75.86
5354,Product #5354,438121266-5,California,75.88
4020,Product #4020,209804710-X,Virginia,76.13
988,Product #988,795008977-6,California,76.18
165,Product #165,957705769-1,Alabama,76.24
2955,Product #2955,900856730-X,Iowa,76.49
5612,Product #5612,947817656-0,Arizona,76.49
9277,Product #9277,104926436-3,Minnesota,76.58
5679,Product #5679,094720061-4,California,76.65
2612,Product #2612,739566330-6,Florida,76.81
3829,Product #3829,256434294-9,Alabama,76.83
2347,Product #2347,446732180-2,Missouri,76.86
3020,Product #3020,094250729-0,California,76.86
9047,Product #9047,743394322-6,California,76.97
171,Product #171,434778009-5,Texas,77.23
1467,Product #1467,677324859-0,Utah,77.25
8886,Product #8886,511783607-3,New Jersey,77.41
8481,Product #8481,106503217-X,Illinois,77.48
250,Product #250,658890138-0,New York,77.49
7723,Product #7723,314625631-2,Virginia,77.6
8715,Product #8715,383181087-7,Kansas,77.72
2684,Product #2684,819655044-8,Arizona,77.73
8570,Product #8570,055554662-4,California,77.87
5482,Product #5482,240810278-2,California,77.93
8638,Product #8638,412132310-6,Arkansas,77.95
1672,Product #1672,547569200-9,North Carolina,77.96
9110,Product #9110,835521125-1,Washington,78.01
7239,Product #7239,616926379-2,Florida,78.05
1914,Product #1914,299958352-4,Utah,78.18
4135,Product #4135,307447688-5,South Carolina,78.3
2552,Product #2552,092747806-4,California,78.36
4997,Product #4997,935645748-4,Texas,78.37
6719,Product #6719,802964108-7,Illinois,78.61
1546,Product #1546,344880990-X,Connecticut,78.64
3773,Product #3773,894854267-2,Florida,78.66
7968,Product #7968,364577661-3,Wisconsin,78.72
8165,Product #8165,470817462-4,Texas,78.73
2812,Product #2812,365577361-7,New York,78.93
7685,Product #7685,932226322-9,Florida,79.25
445,Product #445,141173531-5,Florida,79.51
484,Product #484,022324329-9,Minnesota,79.78
2380,Product #2380,637723390-6,Texas,79.79
9991,Product #9991,489709625-1,Texas,79.85
2072,Product #2072,584375436-7,Texas,79.86
664,Product #664,948513868-7,District of Columbia,79.89
994,Product #994,384094065-6,Louisiana,79.96
697,Product #697,148638806-X,Illinois,80.04
912,Product #912,619310894-7,Texas,80.1
2579,Product #2579,091248709-7,Iowa,80.32
4541,Product #4541,454696152-9,Florida,80.58
5450,Product #5450,320722278-1,Pennsylvania,80.59
2521,Product #2521,884682830-5,Arizona,80.91
8720,Product #8720,324444592-6,Wisconsin,81.27
5024,Product #5024,076648191-3,Florida,81.39
6581,Product #6581,007900263-3,California,81.42
1171,Product #1171,858728197-6,Connecticut,81.75
1000,Product #1000,088491312-0,Iowa,82.0
371,Product #371,115537444-4,Oklahoma,82.02
338,Product #338,985952342-8,Maryland,82.15
9963,Product #9963,726060580-4,Louisiana,82.25
4572,Product #4572,247975702-1,California,82.45
1505,Product #1505,408027488-2,Georgia,82.62
7986,Product #7986,164183369-6,Washington,82.75
4966,Product #4966,530849694-3,Florida,83.08
4985,Product #4985,011939119-8,Missouri,83.22
3471,Product #3471,440946438-8,Connecticut,83.29
6682,Product #6682,196906274-6,Louisiana,83.41
9771,Product #9771,378911808-7,Florida,83.43
4395,Product #4395,231796252-5,Florida,83.53
2,Product #2,906829050-9,Georgia,83.72
1896,Product #1896,345518202-X,New York,83.73
7595,Product #7595,419646429-7,Illinois,83.77
9120,Product #9120,876778656-1,California,83.83
9905,Product #9905,171460131-5,Connecticut,84.13
1610,Product #1610,123644442-6,California,84.31
2458,Product #2458,534778459-8,New Jersey,84.33
3863,Product #3863,423583396-0,Florida,84.35
6521,Product #6521,624426220-4,Florida,84.45
422,Product #422,729509519-5,West Virginia,84.47
616,Product #616,866150264-0,Texas,84.48
6263,Product #6263,759076623-2,Utah,84.54
4477,Product #4477,493225785-6,Missouri,84.76
9057,Product #9057,925543365-2,Utah,84.79
7471,Product #7471,070176465-1,Oklahoma,84.97
2970,Product #2970,208614286-2,Michigan,85.18
3720,Product #3720,149886959-9,Alabama,85.2
5180,Product #5180,168544368-0,California,85.25
9047,Product #9047,975773121-8,Indiana,85.35
8771,Product #8771,126442217-2,California,85.64
6703,Product #6703,108656217-8,West Virginia,85.65
4516,Product #4516,336467389-6,District of Columbia,85.85
5416,Product #5416,072456510-8,Georgia,85.97
6594,Product #6594,433682760-5,Florida,86.0
6731,Product #6731,420738706-4,South Carolina,86.08
1569,Product #1569,364664527-X,Florida,86.25
1202,Product #1202,013568043-3,Pennsylvania,86.31
1514,Product #1514,990047730-8,Iowa,86.35
3436,Product #3436,455299148-5,Pennsylvania,86.39
184,Product #184,754463039-0,Pennsylvania,86.4
2509,Product #2509,074385887-5,Kentucky,86.46
9233,Product #9233,161436313-7,District of Columbia,86.49
2807,Product #2807,840617057-3,Texas,86.6
68,Product #68,024120077-6,Louisiana,86.75
367,Product #367,014224376-0,Florida,86.91
654,Product #654,165660658-5,Indiana,86.91
4122,Product #4122,756800707-3,Oregon,86.92
364,Product #364,606780564-2,Kentucky,87.13
9696,Product #9696,446359922-9,Texas,87.14
9496,Product #9496,124373035-8,Illinois,87.3
7905,Product #7905,063583107-4,Kentucky,87.47
798,Product #798,931475253-4,California,87.82
7979,Product #7979,114957608-1,Texas,87.85
7678,Product #7678,733699520-9,Ohio,87.92
9784,Product #9784,494736507-2,District of Columbia,87.96
946,Product #946,421519377-X,Minnesota,87.98
9872,Product #9872,771105351-7,Kansas,88.09
1080,Product #1080,711440076-4,Oklahoma,88.31
3788,Product #3788,914573118-7,Texas,88.5
6842,Product #6842,131587728-7,Texas,88.55
1237,Product #1237,749442080-0,California,88.76
3316,Product #3316,469948262-7,West Virginia,88.8
2010,Product #2010,794436980-0,New York,88.91
2456,Product #2456,348342888-7,Minnesota,88.91
2984,Product #2984,269963937-0,Washington,88.91
1474,Product #1474,976472764-6,Kansas,88.93
456,Product #456,353594829-0,District of Columbia,89.26
6673,Product #6673,310674515-0,Texas,89.26
715,Product #715,344758454-8,Texas,89.35
6869,Product #6869,364432041-1,Florida,89.51
8489,Product #8489,373885921-7,Georgia,89.53
6639,Product #6639,849542011-2,Washington,89.66
6222,Product #6222,578022202-9,New York,89.98
7535,Product #7535,737690731-9,California,89.98
9195,Product #9195,196913723-1,Illinois,89.98
611,Product #611,997431225-6,Florida,90.02
322,Product #322,965426512-5,Florida,90.03
5194,Product #5194,718644144-0,Indiana,90.03
9721,Product #9721,586928127-X,Pennsylvania,90.14
173,Product #173,429641782-7,West Virginia,90.22
718,Product #718,968282066-9,California,90.26
612,Product #612,898512237-1,Texas,90.47
4699,Product #4699,948781972-X,Minnesota,90.59
1666,Product #1666,931778443-7,North Carolina,90.64
409,Product #409,266020629-5,Minnesota,90.98
7529,Product #7529,718221444-X,Iowa,91.28
1438,Product #1438,606972278-7,California,91.36
3341,Product #3341,384527082-9,Virginia,91.42
1974,Product #1974,879467638-0,South Carolina,91.72
2352,Product #2352,532380277-4,Texas,91.8
1447,Product #1447,487926296-X,Missouri,92.01
8458,Product #8458,970463694-6,New Mexico,92.01
1743,Product #1743,221065714-8,North Carolina,92.22
2419,Product #2419,036650348-0,Alabama,92.23
4140,Product #4140,426734069-2,Virginia,92.26
2469,Product #2469,602876118-4,New York,92.3
7100,Product #7100,378105606-6,Texas,92.3
5539,Product #5539,498380072-7,Texas,92.47
6995,Product #6995,970438833-0,Illinois,92.49
5766,Product #5766,861367824-6,New Jersey,92.53
5108,Product #5108,754124115-6,Texas,92.56
8946,Product #8946,029817574-6,Oklahoma,92.62
5366,Product #5366,587567556-X,Texas,92.69
1998,Product #1998,119666855-8,Massachusetts,92.71
9394,Product #9394,870142810-1,District of Columbia,92.71
9392,Product #9392,805676079-2,Virginia,92.73
7014,Product #7014,662115494-1,Colorado,92.85
5510,Product #5510,579012130-6,Michigan,92.9
4904,Product #4904,195212768-8,Virginia,93.17
1146,Product #1146,123661139-X,Georgia,93.33
8180,Product #8180,779265628-4,California,93.42
3883,Product #3883,225090794-3,Virginia,93.51
1682,Product #1682,003938692-9,Illinois,93.58
7702,Product #7702,282081853-6,Georgia,93.59
7912,Product #7912,382031350-8,Florida,93.62
2872,Product #2872,813105010-6,Florida,93.66
9666,Product #9666,889062105-2,Pennsylvania,93.97
5692,Product #5692,934027143-2,Connecticut,94.17
799,Product #799,268064737-8,Minnesota,94.17
2345,Product #2345,212030673-7,Virginia,94.24
3241,Product #3241,945145951-0,Michigan,94.28
7038,Product #7038,199029369-7,Louisiana,94.49
7490,Product #7490,637566697-X,Arizona,94.6
9114,Product #9114,281833037-8,New Jersey,94.6
7827,Product #7827,428674979-7,Virginia,94.73
8751,Product #8751,156893955-8,Illinois,94.88
9241,Product #9241,971734691-7,California,94.91
799,Product #799,353368537-3,Minnesota,94.96
5946,Product #5946,906092562-9,Virginia,94.97
7049,Product #7049,424264644-5,Massachusetts,95.06
1435,Product #1435,811802974-3,Nevada,95.2
2173,Product #2173,878186038-2,Missouri,95.38
7753,Product #7753,164953823-5,Washington,95.85
421,Product #421,172448947-X,Nevada,95.93
7973,Product #7973,648794211-1,New Mexico,96.04
7395,Product #7395,725937166-8,North Carolina,96.09
9731,Product #9731,976966648-3,Georgia,96.1
767,Product #767,892137099-4,District of Columbia,96.11
278,Product #278,124434119-3,Kansas,96.14
5667,Product #5667,175769920-1,Oklahoma,96.14
5875,Product #5875,786907807-7,Ohio,96.18
648,Product #648,179749186-5,West Virginia,96.18
9423,Product #9423,713517426-7,Kansas,96.29
5344,Product #5344,992932382-1,Kentucky,96.32
8206,Product #8206,087502092-5,Maryland,97.01
4955,Product #4955,519677726-1,Florida,97.39
3736,Product #3736,733925457-9,Maryland,97.42
5497,Product #5497,710421857-2,Illinois,97.5
3104,Product #3104,037745150-9,Ohio,97.67
6169,Product #6169,301785169-9,Massachusetts,97.71
4897,Product #4897,378938520-4,Michigan,97.75
6588,Product #6588,986735047-2,Louisiana,97.87
701,Product #701,916643738-5,Pennsylvania,97.94
3627,Product #3627,104091865-4,Oregon,98.0
